activités;activités
administration;administration
agence;agence
aide;aide
aménagement;urbanisme
animation;animation
assainissement;assainissement
association;association
bâtiments;urbanisme
budget;budget
centre;centre
communication;communication
congrès;congrès
courrier;courrier
coût;budget
école;école
église;église
élection;élection
élève;école
élèves;école
enfants;école
enseignement;école
entreprises;entreprises
entretien;entretien
environnement;environnement
exploitation;exploitation
extension;urbanisme
financement;budget
finances;budget
fonctionnement;budget
fonds;budget
formation;formation
frais;budget
gestion;gestion
hébergement;hébergement
intercommunalité;intercommunalité
investissement;budget
jeunes;école
journée;journée
loisirs;loisirs
maires;congrès
marché;marché
mot;champs
périscolaires;école
plan;plan
recettes;budget
réseau;réseau
réseaux;réseau
risques;risques
rythmes;école
salle;salle
sarl;entreprises
saur;SAUR
scolaire;école
scolaires;école
sécurité;sécurité
service;service
services;service
site;site
sociale;sociale
société;entreprises
sous-traitance;entreprises
subvention;subvention
subventions;subvention
syndicale;syndicat
syndicat;syndicat
tarifs;budget
taxe;budget
territoire;territoire
transfert;transfert
travaux;urbanisme
urbanisme;urbanisme
vieil;église
vœux;voeux
voie;voie
voirie;voie
zone;zone
