mot;nombre;theme;type
activités;19;THEME;;activités
administration;17;THEME;;administration
agence;11;THEME;;agence
aide;28;THEME;;aide
aménagement;13;THEME;;urbanisme
aménagement;14;THEME;;urbanisme
aménagement;26;THEME;;urbanisme
aménagement;30;THEME;;urbanisme
animation;11;THEME;;animation
assainissement;25;THEME;;assainissement
assainissement;28;THEME;;assainissement
assainissement;35;THEME;;assainissement
assainissement;49;THEME;;assainissement
assainissement;61;THEME;;assainissement
association;25;THEME;;association
association;26;THEME;;association
association;28;THEME;;association
association;42;THEME;;association
bâtiments;12;THEME;;urbanisme
bâtiments;22;THEME;;urbanisme
budget;37;THEME;;budget
budget;37;THEME;;budget
budget;43;THEME;;budget
budget;44;THEME;;budget
budget;47;THEME;;budget
centre;15;THEME;;centre
centre;16;THEME;;centre
centre;18;THEME;;centre
centre;19;THEME;;centre
communication;13;THEME;;communication
congrès;11;THEME;;congrès
courrier;18;THEME;;courrier
courrier;24;THEME;;courrier
courrier;27;THEME;;courrier
courrier;29;THEME;;courrier
coût;12;THEME;;budget
coût;21;THEME;;budget
école;11;THEME;;école
école;11;THEME;;école
église;11;THEME;;église
élection;23;THEME;;élection
élève;27;THEME;;école
élève;27;THEME;;école
élève;29;THEME;;école
élèves;11;THEME;;école
élèves;12;THEME;;école
enfants;11;THEME;;école
enseignement;13;THEME;;école
enseignement;15;THEME;;école
entreprises;11;THEME;;entreprises
entreprises;11;THEME;;entreprises
entretien;14;THEME;;entretien
environnement;11;THEME;;environnement
exploitation;17;THEME;;exploitation
extension;22;THEME;;urbanisme
financement;13;THEME;;budget
financement;16;THEME;;budget
finances;11;THEME;;budget
finances;13;THEME;;budget
finances;15;THEME;;budget
finances;19;THEME;;budget
finances;27;THEME;;budget
fonctionnement;12;THEME;;budget
fonctionnement;18;THEME;;budget
fonds;14;THEME;;budget
formation;14;THEME;;formation
frais;11;THEME;;budget
frais;16;THEME;;budget
gestion;11;THEME;;gestion
gestion;14;THEME;;gestion
gestion;18;THEME;;gestion
gestion;21;THEME;;gestion
hébergement;14;THEME;;hébergement
intercommunalité;14;THEME;;intercommunalité
investissement;16;THEME;;budget
investissement;17;THEME;;budget
investissement;19;THEME;;budget
jeunes;14;THEME;;école
journée;14;THEME;;journée
loisirs;11;THEME;;loisirs
maires;16;THEME;;congrès
maires;20;THEME;;congrès
maires;21;THEME;;congrès
marché;11;THEME;;marché
marché;12;THEME;;marché
marché;16;THEME;;marché
marché;19;THEME;;marché
périscolaires;14;THEME;;école
périscolaires;14;THEME;;école
plan;11;THEME;;plan
plan;12;THEME;;plan
plan;13;THEME;;plan
plan;17;THEME;;plan
plan;17;THEME;;plan
recettes;14;THEME;;budget
recettes;15;THEME;;budget
recettes;15;THEME;;budget
recettes;21;THEME;;budget
recettes;24;THEME;;budget
réseau;14;THEME;;réseau
réseau;19;THEME;;réseau
réseaux;11;THEME;;réseau
réseaux;11;THEME;;réseau
réseaux;17;THEME;;réseau
réseaux;20;THEME;;réseau
réseaux;28;THEME;;réseau
risques;11;THEME;;risques
rythmes;15;THEME;;école
rythmes;17;THEME;;école
salle;13;THEME;;salle
salle;16;THEME;;salle
salle;21;THEME;;salle
salle;31;THEME;;salle
sarl;27;THEME;;entreprises
saur;12;THEME;;SAUR
scolaire;15;THEME;;école
scolaire;18;THEME;;école
scolaire;39;THEME;;école
scolaire;48;THEME;;école
scolaires;14;THEME;;école
scolaires;18;THEME;;école
scolaires;43;THEME;;école
scolaires;45;THEME;;école
sécurité;11;THEME;;sécurité
sécurité;11;THEME;;sécurité
sécurité;12;THEME;;sécurité
service;19;THEME;;service
service;21;THEME;;service
services;16;THEME;;service
services;23;THEME;;service
services;26;THEME;;service
services;36;THEME;;service
services;44;THEME;;service
site;28;THEME;;site
sociale;12;THEME;;sociale
société;11;THEME;;entreprises
société;16;THEME;;entreprises
sous-traitance;14;THEME;;entreprises
subvention;13;THEME;;subvention
subvention;14;THEME;;subvention
subvention;16;THEME;;subvention
subventions;12;THEME;;subvention
syndicale;11;THEME;;syndicat
syndicat;16;THEME;;syndicat
tarifs;11;THEME;;budget
tarifs;16;THEME;;budget
taxe;15;THEME;;budget
territoire;11;THEME;;territoire
transfert;18;THEME;;transfert
travaux;40;THEME;;urbanisme
travaux;49;THEME;;urbanisme
travaux;51;THEME;;urbanisme
travaux;60;THEME;;urbanisme
travaux;62;THEME;;urbanisme
urbanisme;13;THEME;;urbanisme
urbanisme;20;THEME;;urbanisme
urbanisme;30;THEME;;urbanisme
urbanisme;36;THEME;;urbanisme
vieil;11;THEME;;église
vieil;14;THEME;;église
vieil;16;THEME;;église
vœux;13;THEME;;voeux
vœux;16;THEME;;voeux
voie;11;THEME;;voie
voie;13;THEME;;voie
voie;16;THEME;;voie
voirie;11;THEME;;voie
voirie;15;THEME;;voie
voirie;19;THEME;;voie
zone;15;THEME;;zone
