14h30;IGNORE
17h00;IGNORE
18h00;IGNORE
18h30;IGNORE
2010;DATE
2011;DATE
2012;DATE
2012;DATE
2013;DATE
2013;DATE
2014;DATE
2014-2015;DATE
2015;DATE
2015-2016;DATE
2016;DATE
activités;THEME
actuel;FORME
adjoint;FORME
adjointe;FORME
adjoints;FORME
administration;THEME
affaires;FORME
affaires;FORME
afin;IGNORE
agence;THEME
aide;THEME
aiglun;LIEU
alpes-de-haute-provence;LIEU
aménagement;THEME
animation;THEME
année;IGNORE
annexe;FORME
antonio;NOM
août;DATE
appel;FORME
approuve;FORME
après;IGNORE
article;FORME
assainissement;THEME
asse;LIEU
association;THEME
attribution;FORME
audran;NOM
auprès;IGNORE
autorisée;FORME
autoriser;FORME
avant;IGNORE
avec;IGNORE
avenant;FORME
avis;FORME
avril;DATE
bâtiments;THEME
bernard;NOM
biens;FORME
blanchet;NOM
bléone;LIEU
bruno;NOM
budget;THEME
bureau;FORME
cadre;FORME
catherine;NOM
ccab;LIEU
ccabv;LIEU
centre;THEME
c’est;IGNORE
cette;IGNORE
chaque;IGNORE
charge;FORME
charles;NOM
chemin;LIEU
code;FORME
collectif;FORME
collectivités;FORME
comité;FORME
comme;IGNORE
commission;FORME
communal;FORME
communale;FORME
communales;FORME
communautaire;FORME
communauté;FORME
communaux;FORME
commune;FORME
communes;FORME
communication;THEME
compétence;FORME
compte;FORME
compter;FORME
concernant;FORME
conditions;FORME
conformément;FORME
congrès;THEME
conseil;FORME
conseillère;FORME
conseillers;FORME
consultation;FORME
contentieux;FORME
contrat;FORME
contre;FORME
convention;FORME
courrier;THEME
coût;THEME
création;FORME
d’administration;FORME
d’aiglun;LIEU
d’aménagement;THEME
daniel;NOM
danielle;NOM
dans;IGNORE
d’assainissement;THEME
date;FORME
daube;LIEU
décembre;DATE
décisions;FORME
délégation;FORME
délégué;FORME
déléguée;FORME
délibération;FORME
délibérations;FORME
demande;FORME
demandé;FORME
départemental;FORME
départementale;FORME
dépenses;FORME
derumaux;NOM
deux;IGNORE
d’exploitation;THEME
digne;LIEU
digne-les-bains;LIEU
dignois;LIEU
d’information;FORME
d’investissement;THEME
directrice;FORME
disposition;FORME
doit;IGNORE
donne;IGNORE
dont;IGNORE
droit;FORME
d’un;IGNORE
d’une;IGNORE
d’urbanisme;THEME
durée;FORME
école;THEME
église;THEME
élection;THEME
élève;THEME
élèves;THEME
elisabeth;NOM
elle;IGNORE
elus;FORME
élus;FORME
enfants;THEME
enseignement;THEME
ensemble;IGNORE
entre;IGNORE
entreprises;THEME
entretien;THEME
environnement;THEME
esmiol;NOM
étant;IGNORE
être;IGNORE
exploitation;THEME
extension;THEME
fabienne;NOM
faire;IGNORE
fait;IGNORE
faut;IGNORE
favorable;FORME
financement;THEME
finances;THEME
fonction;FORME
fonctionnement;THEME
fonds;THEME
formation;THEME
frais;THEME
france;LIEU
général;FORME
générale;FORME
gestion;THEME
groupe;FORME
hébergement;THEME
heures;FORME
indique;FORME
information;FORME
informe;FORME
intercommunalité;THEME
investissement;THEME
janvier;DATE
jean-pierre;NOM
jeunes;THEME
jour;FORME
journée;THEME
jouve;NOM
jugy;NOM
juillet;DATE
juin;DATE
julien;NOM
jusqu;IGNORE
justrabo;NOM
karine;NOM
lagrange;LIEU
l’année;FORME
l’assainissement;THEME
l’association;THEME
lauro;NOM
l’eau;THEME
lecture;FORME
l’élection;THEME
leur;IGNORE
liée;FORME
lieu;IGNORE
liste;FORME
listes;FORME
l’objet;FORME
locaux;FORME
loisirs;THEME
lors;FORME
louis;NOM
l'unanimité;FORME
l’unanimité;FORME
l’urbanisme;THEME
madame;FORME
maire;FORME
maire ;FORME
maires;THEME
mairie;FORME
mais;IGNORE
mandat;FORME
marché;THEME
mardi;DATE
marion;NOM
mars;DATE
méditerranée;LIEU
membres;FORME
même;IGNORE
michel;NOM
mise;FORME
mission;FORME
modification;FORME
monsieur;FORME
montant;FORME
moutet;LIEU
mouzard;NOM
multiactivités;LIEU
municipal;FORME
municipale;FORME
municipaux;FORME
myriam;NOM
n°01;IGNORE
nombre;FORME
nombre;IGNORE
notre;IGNORE
nous;IGNORE
nouvelle;FORME
novembre;DATE
objet;FORME
odile;NOM
orable;IGNORE
ordre;FORME
organisation;FORME
page;IGNORE
paluts;LIEU
part;FORME
partie;FORME
passage;FORME
patrice;NOM
pays;FORME
pereira;NOM
périscolaires;THEME
personnel;FORME
peuvent;FORME
philippe;NOM
place;LIEU
plan;THEME
plus;IGNORE
pôle;LIEU
pons;NOM
pouleau;NOM
pour;FORME
pouvoir;FORME
pouvoirs;FORME
préfecture;FORME
préfet;FORME
présente;FORME
présents;FORME
président;FORME
prévisionnel;FORME
principal;FORME
prises;FORME
procéder;FORME
projet;FORME
prononcer;FORME
propose;FORME
proposé;FORME
protection;FORME
public;FORME
publics;FORME
publique;FORME
question;FORME
questions;FORME
qu’il;FORME
rappelle;FORME
rapport;FORME
rapporteur;FORME
raymond;LIEU
recettes;THEME
région;LIEU
représentés;FORME
réseau;THEME
réseaux;THEME
résultat;FORME
réunion;FORME
revah;NOM
risques;THEME
rythmes;THEME
salado;NOM
salle;THEME
sans;IGNORE
sarl;THEME
saur;THEME
schodet;NOM
scolaire;THEME
scolaires;THEME
séance;FORME
secrétaire;FORME
section;FORME
sécurité;THEME
s’élève;FORME
septembre;DATE
sera;IGNORE
service;THEME
services;THEME
signer;FORME
site;THEME
sociale;THEME
société;THEME
soit;IGNORE
sont;IGNORE
sous-traitance;THEME
speth;NOM
stéphane;NOM
subvention;THEME
subventions;THEME
suite;IGNORE
suppléants;FORME
sylviane;NOM
syndicale;THEME
syndicat;THEME
tarifs;THEME
taxe;THEME
technique;FORME
temps;FORME
territoire;THEME
titulaires;FORME
total;FORME
toulouse;NOM
tous;IGNORE
toute;IGNORE
transfert;THEME
travaux;THEME
traversa;NOM
trois;IGNORE
unanimité;FORME
urbanisme;THEME
valeur;FORME
verdon;LIEU
Verdon;LIEU
vieil;THEME
Vieil;LIEU
vœux;THEME
voie;THEME
voirie;THEME
vote;FORME
yves;NOM
zone;THEME
